"","species_name","lon","lat"
"1","Amazona_xantholora",-86.9601,20.4574
"2","Amazona_xantholora",-88.6539,17.7518
"3","Amazona_xantholora",-88.1255,20.7465
"4","Amazona_xantholora",-88.5343,17.7712
"5","Amazona_xantholora",-86.8822,20.4601
"6","Amazona_xantholora",-88.615,17.8736
"7","Amazona_xantholora",-87.4553,20.1846
"8","Amazona_xantholora",-87.9469,19.6269
"9","Amazona_xantholora",-88.3539,17.6411
"10","Amazona_xantholora",-88.2183,18.2201
"11","Amazona_xantholora",-87.7477,19.7893
"12","Amazona_xantholora",-87.8446,18.2781
"13","Amazona_xantholora",-86.9069,20.8494
"14","Amazona_xantholora",-89.7638,20.3607
"15","Amazona_xantholora",-87.7725,19.9218
"16","Amazona_xantholora",-87.7317,20.4907
"17","Amazona_xantholora",-88.5692,20.6818
"18","Amazona_xantholora",-86.9619,20.3983
"19","Amazona_xantholora",-88.3788,18.7167
"20","Amazona_xantholora",-87.742,18.779
"21","Amazona_xantholora",-86.8953,20.5373
"22","Amazona_xantholora",-89.272222,18.636667
"23","Amazona_xantholora",-89.413611,18.594444
"24","Amazona_xantholora",-90.375556,19.9425
"25","Amazona_xantholora",-87.6111,20.0786
"26","Amazona_xantholora",-89.678889,19.508889
"27","Amazona_xantholora",-90.231667,19.5975
"28","Amazona_xantholora",-88.1895,18.3063
"29","Amazona_xantholora",-88.4571,18.1757
"30","Amazona_xantholora",-89.391111,18.730833
"31","Amazona_xantholora",-89.3225,18.607222
"32","Amazona_xantholora",-89.683056,19.325278
"33","Amazona_xantholora",-89.726389,19.461944
"34","Amazona_xantholora",-89.7477,18.1862
"35","Amazona_xantholora",-88.5686,17.7447
"36","Amazona_xantholora",-87.676111,19.798611
"37","Amazona_xantholora",-87.1201,20.581
"38","Amazona_xantholora",-89.5808,20.3684
"39","Amazona_xantholora",-89.624,20.8727
"40","Amazona_xantholora",-86.9156,20.3446
"41","Amazona_xantholora",-89.100833,18.932222
"42","Amazona_xantholora",-87.5854,19.7914
"43","Amazona_xantholora",-88.3285,17.9001
"44","Amazona_xantholora",-87.0075,20.3721
"45","Amazona_xantholora",-88.3466,19.6529
"46","Amazona_xantholora",-87.2033,20.5261
"47","Amazona_xantholora",-87.0937,20.6791
"48","Amazona_xantholora",-88.77,19.708333
"49","Amazona_xantholora",-87.6696,18.7837
"50","Amazona_xantholora",-88.1502,21.1441
"51","Amazona_xantholora",-88.5361,17.716
"52","Amazona_xantholora",-87.4978,20.1035
"53","Amazona_xantholora",-86.991,20.8588
"54","Amazona_xantholora",-89.6247,20.9468
"55","Amazona_xantholora",-88.1025,19.195278
"56","Amazona_xantholora",-87.5916,20.7276
"57","Amazona_xantholora",-86.8459,20.4998
"58","Amazona_xantholora",-86.9194,20.4381
"59","Amazona_xantholora",-89.5941,21.0915
"60","Amazona_xantholora",-86.9099,20.3956
"61","Amazona_xantholora",-88.1653,18.9286
"62","Amazona_xantholora",-87.7437,19.7176
"63","Amazona_xantholora",-89.1101,20.81
"64","Amazona_xantholora",-88.1598,21.0666
"65","Amazona_xantholora",-88.2642,20.5711
"66","Amazona_xantholora",-88.0551,19.1567
"67","Amazona_xantholora",-86.7829,21.0953
"68","Amazona_xantholora",-90.5259,19.8293
"69","Amazona_xantholora",-88.7991,18.4237
"70","Amazona_xantholora",-89.393333,18.503333
"71","Amazona_xantholora",-88.3473,17.7649
"72","Amazona_xantholora",-88.1519,21.3796
"73","Amazona_xantholora",-88.6197,18.1197
"74","Amazona_xantholora",-88.0424,19.5189
"75","Amazona_xantholora",-88.4293,18.4371
"76","Amazona_xantholora",-88.3729,18.5165
"77","Amazona_xantholora",-89.4839,18.5139
"78","Amazona_xantholora",-88.1118,18.9929
"79","Amazona_xantholora",-89.997469,18.522098
"80","Amazona_xantholora",-88.110805,20.420505
"81","Amazona_xantholora",-87.165571,20.750717
"82","Amazona_xantholora",-87.0134,20.795211
"84","Amazona_xantholora",-89.067375,20.187924
"85","Amazona_xantholora",-87.09992,20.752227
"86","Amazona_xantholora",-87.092293,20.6136
"88","Amazona_xantholora",-86.933359,21.0618
"89","Amazona_xantholora",-88.254403,20.652051
"90","Amazona_xantholora",-89.350478,19.934402
"91","Amazona_xantholora",-89.662989,20.383459
"92","Amazona_xantholora",-88.2899,18.2841
"94","Amazona_xantholora",-89.8991,18.4871
"96","Amazona_xantholora",-88.1369,19.8452
"100","Amazona_xantholora",-86.8507,21.05
"101","Amazona_xantholora",-88.2099,20.6199
"103","Amazona_xantholora",-88.1496,20.5986
"104","Amazona_xantholora",-87.8118,20.0024
"105","Amazona_xantholora",-88.1364,20.891
"107","Amazona_xantholora",-88.0784,19.8755
"108","Amazona_xantholora",-88.5127,18.3226
"109","Amazona_xantholora",-87.3769,20.2856
"110","Amazona_xantholora",-88.027143,20.517141
"111","Amazona_xantholora",-86.9568,20.7657
"112","Amazona_xantholora",-89.0893,21.0009
"114","Amazona_xantholora",-86.7832,21.1427
"115","Amazona_xantholora",-87.6313,20.6458
"116","Amazona_xantholora",-87.1431,20.9466
"119","Amazona_xantholora",-88.7366,19.7776
"121","Amazona_xantholora",-87.5635,20.3503
"122","Amazona_xantholora",-88.7592,18.6393
"123","Amazona_xantholora",-89.1638,18.8224
"124","Amazona_xantholora",-88.5608,18.0801
"125","Amazona_xantholora",-88.194345,20.496243
"126","Amazona_xantholora",-87.0828,20.863
"127","Amazona_xantholora",-87.3271,20.3735
"128","Amazona_xantholora",-88.8066,19.9028
"129","Amazona_xantholora",-86.939,20.5296
"130","Amazona_xantholora",-88.3591,18.0062
"131","Amazona_xantholora",-88.7711,17.8774
"132","Amazona_xantholora",-88.5438,18.0203
"133","Amazona_xantholora",-89.3042,17.7574
"134","Amazona_xantholora",-87.2961,20.4513
"135","Amazona_xantholora",-88.9593,17.8842
"136","Amazona_xantholora",-88.4143,18.265
"137","Amazona_xantholora",-90.1808,17.4807
"139","Amazona_xantholora",-87.3868,20.4398
"140","Amazona_xantholora",-87.4717,20.261
"141","Amazona_xantholora",-87.8776,21.4022
"142","Amazona_xantholora",-87.164135,20.800135
"143","Amazona_xantholora",-86.8926,21.1607
"146","Amazona_xantholora",-88.1519,18.192
"147","Amazona_xantholora",-88.2335,19.0018
"148","Amazona_xantholora",-89.1112,17.5392
"149","Amazona_xantholora",-88.32,18.5067
"150","Amazona_xantholora",-87.5768,20.1389
"152","Amazona_xantholora",-88.186043,20.416691
"153","Amazona_xantholora",-90.1929,17.535
"154","Amazona_xantholora",-88.5831,18.0385
"156","Amazona_xantholora",-89.9259,18.5438
"157","Amazona_xantholora",-89.5765,20.1769
"158","Amazona_xantholora",-88.4559,19.0794
"159","Amazona_xantholora",-88.9432,20.2034
"160","Amazona_xantholora",-89.1084,17.329
"161","Amazona_xantholora",-89.8289,20.9368
"162","Amazona_xantholora",-88.1432,21.4465
"163","Amazona_xantholora",-88.4064,18.344
"164","Amazona_xantholora",-88.6994,18.0496
"165","Amazona_xantholora",-87.4872,20.3054
"167","Amazona_xantholora",-88.738,17.8291
"168","Amazona_xantholora",-88.5011,20.5741
"169","Amazona_xantholora",-89.0161,20.1725
"170","Amazona_xantholora",-88.343,18.303
"171","Amazona_xantholora",-88.456,20.5925
"172","Amazona_xantholora",-88.7646,21.0056
"173","Amazona_xantholora",-88.2989,21.0094
"174","Amazona_xantholora",-88.5157,18.1551
"175","Amazona_xantholora",-88.7556,17.9935
"177","Amazona_xantholora",-88.3914,18.3884
"178","Amazona_xantholora",-87.7043,18.7302
"179","Amazona_xantholora",-89.2436,17.8593
"180","Amazona_xantholora",-90.264,17.8577
"181","Amazona_xantholora",-88.4602,19.3621
"182","Amazona_xantholora",-88.2384,19.6349
"183","Amazona_xantholora",-88.1813,19.1355
"184","Amazona_xantholora",-88.3465,18.4356
"185","Amazona_xantholora",-88.0142,19.5938
"186","Amazona_xantholora",-88.2721,20.7155
"187","Amazona_xantholora",-87.3497,20.4114
"188","Amazona_xantholora",-87.6338,20.3284
"189","Amazona_xantholora",-89.0556,17.5543
"191","Amazona_xantholora",-88.5024,19.3377
"192","Amazona_xantholora",-87.044311,20.935909
"193","Amazona_xantholora",-88.2584,18.2495
"194","Amazona_xantholora",-87.9363,21.2246
"196","Amazona_xantholora",-89.772,19.4076
"197","Amazona_xantholora",-88.9622,17.5503
"198","Amazona_xantholora",-88.4547,19.1972
"199","Amazona_xantholora",-88.117854,19.453134
"200","Amazona_xantholora",-88.2075,20.7562
"201","Amazona_xantholora",-87.5248,20.1902
"203","Amazona_xantholora",-88.3552,19.2504
"204","Amazona_xantholora",-87.9645,19.6878
"205","Amazona_xantholora",-89.4603,20.6313
"206","Amazona_xantholora",-87.4608,20.1417
"208","Amazona_xantholora",-89.5948,17.5217
"209","Amazona_xantholora",-87.8693,18.0925
"210","Amazona_xantholora",-88.3722,20.1965
"211","Amazona_xantholora",-87.4289,21.3519
"212","Amazona_xantholora",-88.2053,20.6952
"213","Amazona_xantholora",-89.634,17.3944
"215","Amazona_xantholora",-88.0546,19.4764
"216","Amazona_xantholora",-89.7066,21.0233
"217","Amazona_xantholora",-87.3448,21.4161
"218","Amazona_xantholora",-89.2941,19.7811
"219","Amazona_xantholora",-89.562,20.8127
"220","Amazona_xantholora",-88.2752,17.982
"223","Amazona_xantholora",-88.7702,19.6381
"224","Amazona_xantholora",-88.4519,18.3234
"226","Amazona_xantholora",-87.7208,21.2184
"229","Amazona_xantholora",-88.1591,19.2816
"230","Amazona_xantholora",-89.2138,19.8841
"231","Amazona_xantholora",-88.1687,21.2092
"233","Amazona_xantholora",-89.0697,18.1186
"234","Amazona_xantholora",-88.1552,20.0554
"235","Amazona_xantholora",-88.339,20.1618
"236","Amazona_xantholora",-87.131,21.2279
"237","Amazona_xantholora",-87.062454,21.357096
"238","Amazona_xantholora",-88.6004,19.5847
"239","Amazona_xantholora",-88.3342,19.1206
"240","Amazona_xantholora",-88.862,19.7137
"241","Amazona_xantholora",-88.8251,17.9015
"242","Amazona_xantholora",-87.8788,19.6693
"243","Amazona_xantholora",-88.4343,18.5909
"245","Amazona_xantholora",-87.4493,20.3743
"246","Amazona_xantholora",-88.2101,21.547
"247","Amazona_xantholora",-87.8692,18.1383
"248","Amazona_xantholora",-89.0241,19.4605
"249","Amazona_xantholora",-89.0771,19.5491
"250","Amazona_xantholora",-88.501804,18.423896
"251","Amazona_xantholora",-86.8239,21.1688
"252","Amazona_xantholora",-87.6346,20.1157
"254","Amazona_xantholora",-87.5607,21.3103
"257","Amazona_xantholora",-88.2342,21.4131
"259","Amazona_xantholora",-88.867,19.9042
"260","Amazona_xantholora",-89.7148,20.5066
"261","Amazona_xantholora",-88.2477,21.486
"262","Amazona_xantholora",-88.281,18.8368
"263","Amazona_xantholora",-88.537156,18.608764
"264","Amazona_xantholora",-87.7012,20.3051
"265","Amazona_xantholora",-88.8129,20.8006
"266","Amazona_xantholora",-88.4085,18.6868
"267","Amazona_xantholora",-88.074651,20.586614
"269","Amazona_xantholora",-87.7256,20.4164
"270","Amazona_xantholora",-87.6993,20.5487
"271","Amazona_xantholora",-87.994,19.888
"272","Amazona_xantholora",-87.2136,20.9858
"273","Amazona_xantholora",-87.3945,20.365
"275","Amazona_xantholora",-89.6071,20.6241
"276","Amazona_xantholora",-90.0264,18.5715
"277","Amazona_xantholora",-87.4271,20.2664
"278","Amazona_xantholora",-89.5934,21.038
"280","Amazona_xantholora",-89.5511,20.1056
"281","Amazona_xantholora",-88.9478,17.6711
"282","Amazona_xantholora",-89.6517,20.1773
"283","Amazona_xantholora",-88.8878,19.3304
"284","Amazona_xantholora",-87.6718,19.8729
"285","Amazona_xantholora",-89.2285,20.7271
"286","Amazona_xantholora",-88.5412,17.8158
"287","Amazona_xantholora",-89.2721,20.7111
"290","Amazona_xantholora",-89.3713,20.7473
"291","Amazona_xantholora",-87.6358,20.8758
"292","Amazona_xantholora",-86.8744,20.9884
"293","Amazona_xantholora",-88.3781,20.8928
"294","Amazona_xantholora",-88.4671,20.6402
"295","Amazona_xantholora",-86.943349,21.296381
"296","Amazona_xantholora",-87.7231,19.6736
"298","Amazona_xantholora",-88.4702,18.5109
"300","Amazona_xantholora",-87.4482,19.8456
"301","Amazona_xantholora",-86.9825,20.3015
"302","Amazona_xantholora",-90.159244,18.139522
"303","Amazona_xantholora",-88.2679,18.1377
"304","Amazona_xantholora",-89.019,17.8412
"305","Amazona_xantholora",-87.593715,20.23415
"306","Amazona_xantholora",-89.84575,18.60615
"307","Amazona_xantholora",-89.89696,18.40746
"308","Amazona_xantholora",-88.5957,17.9675
"309","Amazona_xantholora",-88.578,20.7413
"310","Amazona_xantholora",-90.3824,18.2775
"311","Amazona_xantholora",-88.3591,18.8056
"312","Amazona_xantholora",-89.6586,20.7694
"314","Amazona_xantholora",-87.4681,19.9714
"315","Amazona_xantholora",-90.08087,18.53453
"316","Amazona_xantholora",-90.04725,18.50835
"317","Amazona_xantholora",-87.6201,19.8571
"318","Amazona_xantholora",-89.1292,17.8901
"320","Amazona_xantholora",-89.343611,19.276667
"321","Amazona_xantholora",-90.20972,18.48
