<?xml version="1.0" encoding="UTF-8"?>
<metadata xml:lang="es"><Esri><CreaDate>20201015</CreaDate><CreaTime>20291300</CreaTime><ArcGISFormat>1.0</ArcGISFormat><SyncOnce>TRUE</SyncOnce><DataProperties><lineage><Process ToolSource="c:\program files (x86)\arcgis\desktop10.2\ArcToolbox\Toolboxes\Conversion Tools.tbx\RasterToASCII" Date="20201015" Time="202913">RasterToASCII C:\curso_tesistas\capas_climaticas\borrar\bio_12 C:\curso_tesistas\capas_climaticas\presente2\bio_12.asc</Process></lineage></DataProperties></Esri></metadata>
